{"CJAgent": {}, "SecondAgent": {"gotOffDefense": -0.04909985581924591, "died": -0.04954992980019494, "closerToPacman": 0.0, "closerToCenter": 0.4521577088001107, "ateGhost": 1.647555228949882}, "FirstAgent": {"died": -2.3483921674453554, "collectedFood": 0.0790641021596345, "closerToUnguardedFood": 1.4365516342230924, "collectedCapsule": 3.8401342094233684, "closerToCapsule": 2.032216091240502, "gotScore": 0.0, "closerToGhost": -1.4056372752132307, "closerToExtraction": 0.0}}