{"FirstAgentDupe": {"collectedFood": 2.03715369759067, "closerToGhost": -7.5741993025935175, "closerToFood": 2.9367462884925297, "collectedCapsule": 12.477926812034061, "closerToCapsule": 0.4382806058273144, "gotScore": 10.16276026616081, "deadEnd": -8.123181148203102, "died": 0.0, "closerToExtraction": 2.6536248972013508}, "SecondAgentDupe": {"gotOffDefense": -9.653683509705438, "closerToPacman": 0.03387269244156931, "closerToCenter": 0.01691070979037019}}