{"FirstAgentOtherDupe": {"collectedFood": 1.4014333046733807, "closerToGhost": -7.101506381054951, "closerToFood": 2.4230049268057745, "collectedCapsule": 5.589958051273703, "closerToCapsule": 0.5968062214869878, "gotScore": 1.9280233363361188, "deadEnd": -3.547350963363123, "died": 0.0, "closerToExtraction": 1.828021006099082}, "SecondAgentOtherDupe": {"gotOffDefense": -9.753066628252961, "closerToPacman": 0.11415200324308619, "closerToCenter": 0.011934846137414332}}