{"FirstAgent": {"died": -0.08875517498479524, "collectedFood": 0.022810023018956738, "closerToGhost": -0.30685360837777587, "closerToExtraction": 0.01673173672637039, "closerToUnguardedFood": 0.6403750896506328, "collectedCapsule": 0.0, "closerToCapsule": 0.6016638531721291, "gotScore": 0.0}, "SecondAgent": {"gotOffDefense": -0.054088516706452906, "died": 0.06179399634536794, "closerToPacman": 0.605129108246869, "closerToCenter": 0.011899649038593576, "ateGhost": 0.011900110973572147}}