{"FirstAgent": {"onOptimalPath": 0, "collectedFood": 0.008089372726628881, "gotScore": 0.0, "lostFood": -0.18410005530800255, "winMove": 0.0, "onAttack": 0.16301962320129743, "died": -0.25970315621069195, "closerToFood": 0.25374032335957647, "closerToGhost": 0.08326248635301627, "stop": -0.1313171000413008}, "SecondAgent": {"onDefense": 0.7727487507256535, "gotOffDefense": -0.21003490189190213, "died": -0.2753365153784739, "closerToPacman": 0.054138365696932596, "closerToCenter": 0.001480778901035644, "stop": -0.20762011088850296}}