{"FirstAgent": {"collectedFood": 0.0, "lostFood": -0.041329483803333185, "gotScore": 0.0, "winMove": 0.0, "died": -0.1312341882898194, "returningFoodToBase": 0.16329138902648171, "closerToFood": 0.1650124414131639, "stop": -0.19396282876166301, "closerToGhost": 0.22211739038492345, "distanceToGhost": -1.773592922950582, "rightNextToGhost": 0.0, "walkedIntoGhost": 0.0}, "SecondAgent": {"onDefense": 0.19495732930203616, "stop": -0.3009486807076093}}