{"FirstAgent": {"collectedFood": 0.1619563485195634, "lostFood": 0.16458634851956333, "gotScore": 0.15801134851956342, "winMove": 0.16458634851956333, "redHering1": -0.004160639323387106, "redHering2": -0.004160639323387106, "died": -1.8154136514804367, "returningFoodToBase": 0.16458634851956333, "closerToFood": 0.1746863485195633, "stop": -1.150413651480437}, "SecondAgent": {}, "FirstAgentDupe": {"collectedFood": 0.17174972090433813, "lostFood": 0.17439972090433795, "gotScore": 0.1677747209043381, "winMove": 0.17439972090433795, "redHering1": -0.004225555744354843, "redHering2": -0.004225555744354843, "died": -1.8456002790956623, "returningFoodToBase": 0.17439972090433795, "closerToFood": 0.1875997209043381, "stop": -1.150600279095661}, "SecondAgentDupe": {"onDefense": 0.25734031306537786, "closerToFood": 0.23175331306537794, "gotScore": 0.22638031306537776, "stop": -1.0584596869346226}}