{"FirstAgent": {"collectedFood": 1.8517838313258945, "lostFood": 1.711853831325897, "gotScore": 1.8642038313258968, "winMove": 1.8618538313258965, "redHering1": -0.00823596445645166, "redHering2": -0.00823596445645166, "died": -0.09814616867410297, "returningFoodToBase": 1.9643538313258961, "closerToFood": 1.9205538313258965, "stop": -3.678146168674104, "closerToGhost": 0.6171953077892723, "distanceToGhost": -0.15530469221072768, "rightNextToGhost": 0.6256953077892723, "walkedIntoGhost": 0.6356953077892723}, "SecondAgent": {}, "FirstAgentDupe": {"collectedFood": 1.4034053331270564, "lostFood": 1.24947533312706, "gotScore": 1.3868003331270622, "winMove": 1.4144753331270583, "redHering1": -0.008923056431451548, "redHering2": -0.008923056431451548, "died": -0.9255246668729454, "returningFoodToBase": 1.464475333127059, "closerToFood": 1.4789753331270588, "stop": -4.120524666872936, "closerToGhost": 0.6678133139812249, "distanceToGhost": -0.14218668601877493, "rightNextToGhost": 0.6718133139812251, "walkedIntoGhost": 0.6818133139812251}, "SecondAgentDupe": {"onDefense": 0.3619792438844134, "closerToFood": 0.2762082438844141, "gotScore": 0.253459243884414, "stop": -5.25442075611559, "closerToGhost": -4.398743572877745, "distanceToGhost": 0.5032564271222562, "rightNextToGhost": -4.4587435728777445, "walkedIntoGhost": -4.4587435728777445}}