{"FirstAgent": {"foodScore": 18064.250737882143, "closerToFood": 17970.40073788211, "stop": 17916.025737882137, "closerToGhost": 252.20283560430002}, "SecondAgent": {"onDefense": -3.3312309570726883, "numInvaders": -3.3312309570726883, "stop": 5.708769042927308, "reverse": 5.708769042927308, "invaderDistance": 0.0}}