{"FirstAgent": {"collectedFood": 1.0491183080381545, "closerToGhost": -9.749977832795295, "closerToFood": 2.886809930360402, "collectedCapsule": 10.128151782309052, "closerToCapsule": 1.6430483886009293, "gotScore": 9.652274257415371, "deadEnd": -6.745074760684191, "closerToExtraction": 2.575953585572246}, "SecondAgent": {"gotOffDefense": -9.655083006621554, "closerToPacman": 0.006408993978320734, "closerToCenter": 0.013434391995347444}}