{"FirstAgent": {"collectedFood": 0.005337300509812116, "gotScore": 0.0, "lostFood": -0.11083747806777478, "winMove": 0.0, "onAttack": 0.19059957484069684, "died": -0.740296484993479, "closerToFood": 0.41696853916603976, "closerToGhost": 0.26426549541511507, "stop": -0.005724144264887076}, "SecondAgent": {"onDefense": 2.11466522646262, "gotOffDefense": -0.13119589193398126, "died": -0.5453152701594148, "closerToPacman": 0.75226843012223, "walkedIntoGhost": 0.0, "closerToCenter": 0.0008806697365544737, "stop": -0.1078402707209749}}