{"FirstAgent": {"died": -4.256355755197746, "collectedFood": 1.542694122124245, "closerToGhost": -2.4534495858634724, "closerToExtraction": 2.579748052357866, "closerToUnguardedFood": 2.0026882281619227, "collectedCapsule": 0.713081600851506, "closerToCapsule": 1.7135629907209124, "gotScore": 0.20764658457633217}, "SecondAgent": {"gotOffDefense": -4.98715394943683, "died": -4.429203352082205, "closerToPacman": 0.0, "closerToCenter": 0.17194090266050516, "ateGhost": 0.0}, "FirstAgentDupe": {"died": 0, "collectedFood": 0, "closerToGhost": 0, "closerToExtraction": 0, "closerToUnguardedFood": 0, "collectedCapsule": 0, "closerToCapsule": 0, "gotScore": 0}, "SecondAgentDupe": {"gotOffDefense": 0, "died": 0, "closerToPacman": 0, "closerToCenter": 0, "ateGhost": 0}}