{"FirstAgent": {"onOptimalPath": 0, "collectedFood": 0.010201444478221773, "gotScore": 0.0, "lostFood": -0.21558271727668443, "winMove": 0.0, "onAttack": 0.3569343414289133, "died": -0.36961105338778766, "closerToFood": 0.30373426888125415, "closerToGhost": -0.13171182975568158, "stop": -0.21443019040829694}, "SecondAgent": {"onDefense": 1.8424923345642796, "gotOffDefense": -0.09633337244571623, "died": -1.1614304939030051, "closerToPacman": 0.9135923590504978, "walkedIntoGhost": 0.0, "closerToCenter": -0.001622340426876315, "stop": -0.8215856997966815}}