{"FirstAgent": {"died": 2.071337171816726, "collectedFood": 3.7049761322471833, "collectedCapsule": 0.0, "closerToCapsule": 3.7992188859534504, "gotScore": 0.0, "stop": -22.32384079327557, "closerToFood": -7.517393259485981, "closerToGhost": 0.0, "closerToExtraction": 0.0, "closerToUnguardedFood": 0.0}, "SecondAgent": {"gotOffDefense": -0.049100000000000005, "died": -0.049100000000000005, "closerToPacman": 0.5417333956892022, "closerToCenter": 0.008682576526196991, "stop": -0.00955, "ateGhost": 0.0}, "FirstAgentDupe": {"died": 2.071337171816726, "collectedFood": 3.7049761322471833, "collectedCapsule": 0.0, "closerToCapsule": 3.7992188859534504, "gotScore": 0.0, "stop": -22.32384079327557, "closerToFood": -7.517393259485981, "closerToGhost": 0.0, "closerToExtraction": 0.0, "closerToUnguardedFood": 0.0}, "SecondAgentDupe": {"gotOffDefense": -0.049100000000000005, "died": -0.049100000000000005, "closerToPacman": 0.5417333956892022, "closerToCenter": 0.008682576526196991, "stop": -0.00955, "ateGhost": 0.0}}