{"FirstAgent": {"died": -0.1498552988328719, "collectedFood": 0.01048418608122605, "closerToGhost": -0.39102665178663326, "closerToExtraction": 0.01673173672637039, "closerToUnguardedFood": 0.936090912331263, "collectedCapsule": 0.0, "closerToCapsule": 0.882434442253103, "gotScore": 0.0}, "SecondAgent": {"gotOffDefense": -0.054088516706452906, "died": 0.10622023708490339, "closerToPacman": 0.8246152128066343, "closerToCenter": 0.018422021229535138, "ateGhost": 0.011900110973572147}}