{"FirstAgent": {"onOptimalPath": 0, "collectedFood": 0.0032380519887585065, "gotScore": 0.0, "lostFood": -0.07339755337592498, "winMove": 0.0, "onAttack": 0.13753693219787486, "died": -0.3489377181954147, "closerToFood": 0.3031012709166572, "closerToGhost": 0.07332105408963664, "stop": -0.17815798269115618}, "SecondAgent": {"onDefense": 0.9332967406957493, "gotOffDefense": -0.2724937465832961, "died": -0.36394114829817825, "closerToPacman": 0.033827909292041984, "closerToCenter": 0.0011215270849152022, "stop": -0.29705419627530805}}