{"FirstAgent": {"collectedFood": -0.012769552214048577, "gotScore": 0.0, "lostFood": -0.14870664005249545, "winMove": 0.0, "onAttack": 0.21052024925210894, "died": -0.48586657999623517, "returningFoodToBase": 0.10830092939780939, "closerToFood": 0.35635706221713115, "closerToGhost": 0.07791526611131512, "stop": -0.17152574346517255, "onOptimalPath": 0.49356241809315377}, "SecondAgent": {"onDefense": 1.3492781437746177, "gotOffDefense": -0.1793130219639094, "died": -1.1737146805125114, "closerToGhost": 0.012531166213880498, "closerToCenter": 7.37172938557549e-05, "stop": -0.44205286022834844}, "FirstAgentDupe": {"collectedFood": 0.0013427156883801675, "gotScore": 0.0, "lostFood": -0.029252631329646242, "winMove": 0.0, "onAttack": 0.04770816514698892, "died": -0.24516430648740756, "returningFoodToBase": 0.041776146594504834, "closerToFood": 0.2562940725751073, "closerToGhost": 0.01352919703994063, "stop": -0.09370600413861485}, "SecondAgentDupe": {"onDefense": 0.40249344165593287, "gotOffDefense": -0.03273222548046812, "died": -0.25677383362989836, "closerToGhost": 0.006540097917958723, "closerToCenter": 0.0014700646954341956, "stop": -0.08993617383683271}}