{"FirstAgent": {"collectedFood": 0.2876628048567751, "lostFood": 0.27455280485677513, "gotScore": 0.2807528048567751, "winMove": 0.28455280485677514, "redHering1": -0.032573524193548316, "redHering2": -0.032573524193548316, "closerToFood": 0.3700528048567748, "stop": -0.665447195143224, "closerToGhost": 0.0573090858219254, "distanceToGhost": -0.07094091417807459, "rightNextToGhost": 0.0670590858219254, "walkedIntoGhost": 0.0670590858219254}, "SecondAgent": {"onDefense": 0.21839285356542337, "closerToFood": 0.20249585356542335, "gotScore": 0.1985928535654235, "stop": -0.7476071464345767, "closerToGhost": -0.3969298339303577, "distanceToGhost": 0.33457016606964246, "rightNextToGhost": -0.40942983393035765, "walkedIntoGhost": -0.40942983393035765}, "FirstAgentDupe": {"collectedFood": 0.3282942766505964, "lostFood": 0.30019427665059667, "gotScore": 0.32639427665059634, "winMove": 0.33019427665059664, "redHering1": 0.14466062338709682, "redHering2": 0.14466062338709682, "closerToFood": 0.40894427665059624, "stop": -0.6198057233494034, "closerToGhost": 0.005985656416916748, "distanceToGhost": -0.005264343583083253, "rightNextToGhost": 0.009735656416916748, "walkedIntoGhost": 0.009735656416916748}, "SecondAgentDupe": {"onDefense": 0.23297636355506413, "closerToFood": 0.214461363555064, "gotScore": 0.21061636355506408, "stop": -0.7256236364449362, "closerToGhost": -0.11345299917820116, "distanceToGhost": 0.3875470008217988, "rightNextToGhost": -0.11845299917820117, "walkedIntoGhost": -0.11845299917820117}}