{"FirstAgent": {"collectedFood": 0.001083291761200477, "lostFood": -0.0033499999999999997, "gotScore": 0.0, "winMove": 0.0, "died": -0.057320878858705196, "returningFoodToBase": 0.0002125, "closerToFood": 0.07379573908071935, "closerToGhost": 0.049044247550607004, "stop": -0.033328197700341476}, "SecondAgent": {"onDefense": 0.15785294881328416, "gotOffDefense": -0.018660134827026796, "died": -0.028884720575279764, "closerToGhost": 0.014574720779140373, "closerToCenter": 0.0004940095339764324, "stop": -0.04565572180233787}}