{"FirstAgent": {"died": 0.0, "collectedFood": 0.5596286030525699, "closerToGhost": 0.007798786823366134, "closerToFood": 2.0085374934603086, "collectedCapsule": 0.4772292401310867, "closerToCapsule": 1.809442096319811, "gotScore": 0.743909343082477, "deadEnd": -0.04961066460975319, "closerToExtraction": 1.1958993675489857}, "SecondAgent": {"gotOffDefense": -4.079714999699826, "died": 0.0, "closerToPacman": 0.013261652909524522, "ateGhost": 0.0, "closerToCenter": 0.028085445520629557}}