{"FirstAgent": {"died": -9.334961785756516, "collectedFood": 1.845540328680813, "closerToGhost": -3.299431985646006, "closerToExtraction": 1.8922764037399344, "closerToUnguardedFood": 6.591782611516845, "collectedCapsule": 0.9454522600543079, "closerToCapsule": 1.4534808617179085, "gotScore": 0.0}, "SecondAgent": {"gotOffDefense": -4.56885516341169, "died": -4.533499733011804, "closerToPacman": 0.3391598010455215, "closerToCenter": 0.1985067876217258, "ateGhost": 0.20452797280452326}}