{"FirstAgent": {"died": 2.071337171816726, "collectedFood": 3.6573195573945303, "collectedCapsule": 0.0, "closerToCapsule": 3.633715035036753, "gotScore": 0.0, "stop": -22.32384079327557, "closerToFood": -7.517393259485981, "closerToGhost": -0.030538831057384922, "closerToExtraction": -0.0016833093960362622, "closerToUnguardedFood": -0.07444848804293903}, "SecondAgent": {"gotOffDefense": -0.049100000000000005, "died": -0.049100000000000005, "closerToPacman": 0.5476308654995198, "closerToCenter": 0.010275086324190415, "stop": -0.00955, "ateGhost": 0.02747243047107094}, "FirstAgentDupe": {"died": 2.071337171816726, "collectedFood": 3.7049761322471833, "collectedCapsule": 0.0, "closerToCapsule": 3.7992188859534504, "gotScore": 0.0, "stop": -22.32384079327557, "closerToFood": -7.517393259485981, "closerToGhost": 0.0, "closerToExtraction": 0.0, "closerToUnguardedFood": 0.0}, "SecondAgentDupe": {"gotOffDefense": -0.049100000000000005, "died": -0.049100000000000005, "closerToPacman": 0.5417333956892022, "closerToCenter": 0.008682576526196991, "stop": -0.00955, "ateGhost": 0.0}}