{"FirstAgent": {"died": -2.973296880061655, "collectedFood": -0.22029242558373993, "closerToGhost": -3.069844166115011, "closerToExtraction": 1.744936003612464, "closerToUnguardedFood": 1.9424666815924259, "collectedCapsule": 0.0, "closerToCapsule": 1.9286416850793846, "gotScore": 0.0}, "SecondAgent": {"gotOffDefense": -0.31258334406172045, "died": -0.002195147584986303, "closerToPacman": 1.6629563561513558, "closerToCenter": 0.4070257742571567, "ateGhost": 0.1139901987381471}}