{"FirstAgent": {"collectedFood": 0.0045745715906575606, "lostFood": -0.0926559017739755, "gotScore": 0.0, "winMove": 0.0, "onAttack": 0.07228055466657222, "died": -0.40324139214956717, "returningFoodToBase": 0.2418658144378299, "closerToFood": 0.1511263345836311, "closerToGhost": 0.03040734207280599, "stop": -0.2554267916770519}, "SecondAgent": {"onDefense": 0.6790253985360982, "gotOffDefense": -0.11423321147955645, "died": -1.2335814500554052, "closerToGhost": -0.001857840951601886, "closerToCenter": -7.989811346894321e-05, "stop": -0.4327303714072501}}