{"FirstAgent": {"uneatenFoodPercent": 0.024463883291570385, "closerToFood": 0.024463883291570385, "distanceToFood": 0.024463883291570385, "stop": 0.014436705392955874}, "SecondAgent": {"onDefense": 0.9822910093565871, "numInvaders": 0.9822910093565871, "stop": 0.09227858506100768, "reverse": 0.0771362035886349}}