{"FirstAgent": {"died": -4.255489122890197, "collectedFood": 1.542694122124245, "closerToGhost": -2.519997100561991, "closerToExtraction": 2.579748052357866, "closerToUnguardedFood": 1.947266847779747, "collectedCapsule": 0.713081600851506, "closerToCapsule": 1.2023943641879897, "gotScore": 0.20764658457633217}, "SecondAgent": {"gotOffDefense": -4.98715394943683, "died": -4.172382048039328, "closerToPacman": 0.0, "closerToCenter": 0.1618183755005793, "ateGhost": 0.0}, "FirstAgentDupe": {"died": 0, "collectedFood": 0, "closerToGhost": 0, "closerToExtraction": 0, "closerToUnguardedFood": 0, "collectedCapsule": 0, "closerToCapsule": 0, "gotScore": 0}, "SecondAgentDupe": {"gotOffDefense": 0, "died": 0, "closerToPacman": 0, "closerToCenter": 0, "ateGhost": 0}}